,ID,Type,Name,Genus,kingdom,phylum,class,order,family,Key
1,1,2,Cryptocotyle lingua,Cryptocotyle,Animalia,Platyhelminthes,Acentrosomata,Plagiorchiida,Heterophyidae,Platyhelminthes
2,1,2,Cryptocotyle lingua,Cryptocotyle,Animalia,Platyhelminthes,Acentrosomata,Plagiorchiida,Heterophyidae,Platyhelminthes
3,2,2,Himasthla elongata,Himasthla,Animalia,Platyhelminthes,Acentrosomata,Plagiorchiida,Echinostomatidae,Platyhelminthes
4,2,2,Himasthla elongata,Himasthla,Animalia,Platyhelminthes,Acentrosomata,Plagiorchiida,Echinostomatidae,Platyhelminthes
5,2,2,Himasthla elongata,Himasthla,Animalia,Platyhelminthes,Acentrosomata,Plagiorchiida,Echinostomatidae,Platyhelminthes
6,3,2,Renicola roscorita,Renicola,Animalia,Platyhelminthes,Acentrosomata,Plagiorchiida,Renicolidae,Platyhelminthes
7,4,2,Cercariae lebouri,Cercariae,Animalia,Platyhelminthes,NA,NA,NA,Platyhelminthes
8,5,2,Podocotyle staffordi,Podocotyle,Animalia,Platyhelminthes,Acentrosomata,Plagiorchiida,Opecoelidae,Platyhelminthes
9,6,2,Cryptocotyle jejuna,Cryptocotyle,Animalia,Platyhelminthes,Acentrosomata,Plagiorchiida,Heterophyidae,Platyhelminthes
10,6,2,Cryptocotyle jejuna,Cryptocotyle,Animalia,Platyhelminthes,Acentrosomata,Plagiorchiida,Heterophyidae,Platyhelminthes
11,7,2,Himasthla continua,Himasthla,Animalia,Platyhelminthes,Acentrosomata,Plagiorchiida,Echinostomatidae,Platyhelminthes
12,7,2,Himasthla continua,Himasthla,Animalia,Platyhelminthes,Acentrosomata,Plagiorchiida,Echinostomatidae,Platyhelminthes
13,7,2,Himasthla continua,Himasthla,Animalia,Platyhelminthes,Acentrosomata,Plagiorchiida,Echinostomatidae,Platyhelminthes
14,8,2,Maritrema oocysta,Maritrema,Animalia,Platyhelminthes,Acentrosomata,Plagiorchiida,Microphallidae,Platyhelminthes
15,8,2,Maritrema oocysta,Maritrema,Animalia,Platyhelminthes,Acentrosomata,Plagiorchiida,Microphallidae,Platyhelminthes
16,8,2,Maritrema oocysta,Maritrema,Animalia,Platyhelminthes,Acentrosomata,Plagiorchiida,Microphallidae,Platyhelminthes
17,8,2,Maritrema oocysta,Maritrema,Animalia,Platyhelminthes,Acentrosomata,Plagiorchiida,Microphallidae,Platyhelminthes
18,9,2,Maritrema subdolum,Maritrema,Animalia,Platyhelminthes,Acentrosomata,Plagiorchiida,Microphallidae,Platyhelminthes
19,9,2,Maritrema subdolum,Maritrema,Animalia,Platyhelminthes,Acentrosomata,Plagiorchiida,Microphallidae,Platyhelminthes
20,9,2,Maritrema subdolum,Maritrema,Animalia,Platyhelminthes,Acentrosomata,Plagiorchiida,Microphallidae,Platyhelminthes
21,9,2,Maritrema subdolum,Maritrema,Animalia,Platyhelminthes,Acentrosomata,Plagiorchiida,Microphallidae,Platyhelminthes
22,10,2,Levinseniella sp.,Levinseniella,Animalia,Platyhelminthes,Acentrosomata,Plagiorchiida,Microphallidae,Platyhelminthes
23,10,2,Levinseniella sp.,Levinseniella,Animalia,Platyhelminthes,Acentrosomata,Plagiorchiida,Microphallidae,Platyhelminthes
24,11,2,Microphallid ,Microphallid,Animalia,Platyhelminthes,NA,NA,NA,Platyhelminthes
25,12,2,Notocotyledae ,Notocotyledae,Animalia,Platyhelminthes,NA,NA,NA,Platyhelminthes
26,13,2,Himasthla interrupta,Himasthla,Animalia,Platyhelminthes,Acentrosomata,Plagiorchiida,Echinostomatidae,Platyhelminthes
27,13,2,Himasthla interrupta,Himasthla,Animalia,Platyhelminthes,Acentrosomata,Plagiorchiida,Echinostomatidae,Platyhelminthes
28,13,2,Himasthla interrupta,Himasthla,Animalia,Platyhelminthes,Acentrosomata,Plagiorchiida,Echinostomatidae,Platyhelminthes
29,14,2,Profilicollis botulus,Profilicollis,Animalia,Acanthocephala,Palaeacanthocephala,Polymorphida,Polymorphidae,Acanthocephala
30,15,2,Amidostomum sp.,Amidostomum,Animalia,Nematoda,NA,NA,NA,Nematoda
31,16,2,Haploparaksis crassirostris,Haploparaksis,Animalia,Platyhelminthes,NA,NA,NA,Platyhelminthes
32,17,2,Ophryocotyle insignis,Ophryocotyle,Animalia,Platyhelminthes,Acentrosomata,Cyclophyllidea,Davaineidae,Platyhelminthes
33,18,2,Psilostomum brevicolle,Psilostomum,Animalia,Platyhelminthes,Acentrosomata,Plagiorchiida,Psilostomatidae,Platyhelminthes
34,19,2,Catatropis terrucosa,Catatropis,Animalia,Platyhelminthes,Acentrosomata,Plagiorchiida,Notocotylidae,Platyhelminthes
35,20,2,Parvatrema affine,Parvatrema,Animalia,Platyhelminthes,Acentrosomata,Plagiorchiida,Gymnophallidae,Platyhelminthes
36,21,2,Apophallus lerouxi,Apophallus,Animalia,Platyhelminthes,Acentrosomata,Plagiorchiida,Heterophyidae,Platyhelminthes
37,22,2,Levinseniella brachysoma,Levinseniella,Animalia,Platyhelminthes,Acentrosomata,Plagiorchiida,Microphallidae,Platyhelminthes
38,22,2,Levinseniella brachysoma,Levinseniella,Animalia,Platyhelminthes,Acentrosomata,Plagiorchiida,Microphallidae,Platyhelminthes
39,23,2,Maritrema humile,Maritrema,Animalia,Platyhelminthes,Acentrosomata,Plagiorchiida,Microphallidae,Platyhelminthes
40,23,2,Maritrema humile,Maritrema,Animalia,Platyhelminthes,Acentrosomata,Plagiorchiida,Microphallidae,Platyhelminthes
41,23,2,Maritrema humile,Maritrema,Animalia,Platyhelminthes,Acentrosomata,Plagiorchiida,Microphallidae,Platyhelminthes
42,23,2,Maritrema humile,Maritrema,Animalia,Platyhelminthes,Acentrosomata,Plagiorchiida,Microphallidae,Platyhelminthes
43,24,2,Maritrema gratiosum,Maritrema,Animalia,Platyhelminthes,Acentrosomata,Plagiorchiida,Microphallidae,Platyhelminthes
44,24,2,Maritrema gratiosum,Maritrema,Animalia,Platyhelminthes,Acentrosomata,Plagiorchiida,Microphallidae,Platyhelminthes
45,24,2,Maritrema gratiosum,Maritrema,Animalia,Platyhelminthes,Acentrosomata,Plagiorchiida,Microphallidae,Platyhelminthes
46,24,2,Maritrema gratiosum,Maritrema,Animalia,Platyhelminthes,Acentrosomata,Plagiorchiida,Microphallidae,Platyhelminthes
47,25,2,Hemiuris communis,Hemiuris,Animalia,Platyhelminthes,NA,NA,NA,Platyhelminthes
48,26,2,Lecithaster gibbosus,Lecithaster,Animalia,Platyhelminthes,Acentrosomata,Plagiorchiida,Hemiuridae,Platyhelminthes
49,27,2,Derogenes varicus,Derogenes,Animalia,Platyhelminthes,Acentrosomata,Plagiorchiida,Hemiuridae,Platyhelminthes
50,28,2,Opalinidae,Opalinidae,Protista,NA,NA,NA,NA,Protista
51,29,2,Tetraphyllidean larvae,Tetraphyllidean,Animalia,Platyhelminthes,NA,NA,NA,Platyhelminthes
52,30,2,Cestode ,Cestode,Animalia,Platyhelminthes,NA,NA,NA,Platyhelminthes
53,31,2,Lacunovermis macomae,Lacunovermis,Animalia,Platyhelminthes,Acentrosomata,Plagiorchiida,Gymnophallidae,Platyhelminthes
54,32,2,Hysterothylacium aduncum,Hysterothylacium,Animalia,Nematoda,NA,NA,NA,Nematoda
55,33,2,Cucullanus heterochrous,Cucullanus,Animalia,Nematoda,Chromadorea,Ascaridida,Cucullanidae,Nematoda
56,33,2,Cucullanus heterochrous,Cucullanus,Animalia,Nematoda,Chromadorea,Ascaridida,Cucullanidae,Nematoda
57,34,2,Anisakis sp.,Anisakis,Animalia,Nematoda,Chromadorea,Ascaridida,Anisakidae,Nematoda
58,35,2,Zoogonoides viviparus,Zoogonoides,Animalia,Platyhelminthes,Acentrosomata,Plagiorchiida,Zoogonidae,Platyhelminthes
59,36,2,Spiruoid larvae ,Spiruoid,Animalia,Nematoda,NA,NA,NA,Nematoda
60,37,2,Cucullanus minutus,Cucullanus,Animalia,Nematoda,Chromadorea,Ascaridida,Cucullanidae,Nematoda
61,37,2,Cucullanus minutus,Cucullanus,Animalia,Nematoda,Chromadorea,Ascaridida,Cucullanidae,Nematoda
62,38,2,Pomphorynchus sp.,Pomphorynchus,Animalia,Acanthocephala,NA,NA,NA,Acanthocephala
63,39,2,Corynosoma strumosum,Corynosoma,Animalia,Acanthocephala,Palaeacanthocephala,Polymorphida,Polymorphidae,Acanthocephala
64,40,2,Echinorynchus sp.,Echinorynchus,Animalia,Acanthocephala,NA,NA,NA,Acanthocephala
65,41,2,Hymenolepis sp.,Hymenolepis,Animalia,Platyhelminthes,Acentrosomata,Cyclophyllidea,Hymenolepididae,Platyhelminthes
66,42,2,Spelotrema clariforma,Spelotrema,Animalia,Platyhelminthes,Acentrosomata,Plagiorchiida,Microphallidae,Platyhelminthes
67,43,1,Lutra lutra,Lutra,Animalia,Chordata,Mammalia,NA,NA,Mammalia
68,44,1,Phalacrocorax carbo,Phalacrocorax,Animalia,Chordata,Aves,Suliformes,Phalacrocoracidae,Aves
69,45,1,Ardea cinera,Ardea,Animalia,Chordata,Aves,Pelecaniformes,Ardeidae,Aves
70,46,1,Cygnus olor,Cygnus,Animalia,Chordata,Aves,NA,NA,Aves
71,47,1,Tadorna tadorna,Tadorna,Animalia,Chordata,Aves,Anseriformes,Anatidae,Aves
72,48,1,Anas penelope,Anas,Animalia,Chordata,Aves,Anseriformes,Anatidae,Aves
73,49,1,Somateria mollissima,Somateria,Animalia,Chordata,Aves,Anseriformes,Anatidae,Aves
74,49,1,Somateria mollissima,Somateria,Animalia,Chordata,Aves,Anseriformes,Anatidae,Aves
75,50,1,Somateria mollissima,Somateria,Animalia,Chordata,Aves,Anseriformes,Anatidae,Aves
76,50,1,Somateria mollissima,Somateria,Animalia,Chordata,Aves,Anseriformes,Anatidae,Aves
77,51,1,Haematopus ostralegus,Haematopus,Animalia,Chordata,Aves,Charadriiformes,Haematopodidae,Aves
78,52,1,Charadris hiaticula,Charadris,Animalia,Chordata,Aves,NA,NA,Aves
79,53,1,Pluvialis apricaria,Pluvialis,Animalia,Chordata,Aves,Charadriiformes,Charadriidae,Aves
80,53,1,Pluvialis apricaria,Pluvialis,Animalia,Chordata,Aves,Charadriiformes,Charadriidae,Aves
81,54,1,Pluvialis squtarola,Pluvialis,Animalia,Chordata,Aves,Charadriiformes,Charadriidae,Aves
82,54,1,Pluvialis squtarola,Pluvialis,Animalia,Chordata,Aves,Charadriiformes,Charadriidae,Aves
83,55,1,Vanellus vanellus,Vanellus,Animalia,Chordata,Aves,Charadriiformes,Charadriidae,Aves
84,56,1,Calidris  alpinea,Calidris,Animalia,Chordata,Aves,Charadriiformes,Scolopacidae,Aves
85,57,1,Limosa lapponica,Limosa,Animalia,Chordata,Aves,Charadriiformes,Scolopacidae,Aves
86,58,1,Numenius arquatus,Numenius,Animalia,Chordata,Aves,Charadriiformes,Scolopacidae,Aves
87,59,1,Tringa totanus,Tringa,Animalia,Chordata,Aves,Charadriiformes,Scolopacidae,Aves
88,60,1,Arenaria interpres,Arenaria,Plantae,NA,NA,NA,NA,Plantae
89,61,1,Larus canus,Larus,Animalia,Chordata,Aves,Charadriiformes,Laridae,Aves
90,61,1,Larus canus,Larus,Animalia,Chordata,Aves,Charadriiformes,Laridae,Aves
91,61,1,Larus canus,Larus,Animalia,Chordata,Aves,Charadriiformes,Laridae,Aves
92,61,1,Larus canus,Larus,Animalia,Chordata,Aves,Charadriiformes,Laridae,Aves
93,62,1,Larus ridibundis,Larus,Animalia,Chordata,Aves,Charadriiformes,Laridae,Aves
94,62,1,Larus ridibundis,Larus,Animalia,Chordata,Aves,Charadriiformes,Laridae,Aves
95,62,1,Larus ridibundis,Larus,Animalia,Chordata,Aves,Charadriiformes,Laridae,Aves
96,62,1,Larus ridibundis,Larus,Animalia,Chordata,Aves,Charadriiformes,Laridae,Aves
97,63,1,Larus argentatus,Larus,Animalia,Chordata,Aves,Charadriiformes,Laridae,Aves
98,63,1,Larus argentatus,Larus,Animalia,Chordata,Aves,Charadriiformes,Laridae,Aves
99,63,1,Larus argentatus,Larus,Animalia,Chordata,Aves,Charadriiformes,Laridae,Aves
100,63,1,Larus argentatus,Larus,Animalia,Chordata,Aves,Charadriiformes,Laridae,Aves
101,64,1,Larus marinus,Larus,Animalia,Chordata,Aves,Charadriiformes,Laridae,Aves
102,64,1,Larus marinus,Larus,Animalia,Chordata,Aves,Charadriiformes,Laridae,Aves
103,64,1,Larus marinus,Larus,Animalia,Chordata,Aves,Charadriiformes,Laridae,Aves
104,64,1,Larus marinus,Larus,Animalia,Chordata,Aves,Charadriiformes,Laridae,Aves
105,65,1,Sterna sandvicensis,Sterna,Animalia,Chordata,Aves,Charadriiformes,Laridae,Aves
106,65,1,Sterna sandvicensis,Sterna,Animalia,Chordata,Aves,Charadriiformes,Laridae,Aves
107,65,1,Sterna sandvicensis,Sterna,Animalia,Chordata,Aves,Charadriiformes,Laridae,Aves
108,66,1,Sterna hirundo,Sterna,Animalia,Chordata,Aves,Charadriiformes,Laridae,Aves
109,66,1,Sterna hirundo,Sterna,Animalia,Chordata,Aves,Charadriiformes,Laridae,Aves
110,66,1,Sterna hirundo,Sterna,Animalia,Chordata,Aves,Charadriiformes,Laridae,Aves
111,67,1,Sterna paradisaea,Sterna,Animalia,Chordata,Aves,Charadriiformes,Laridae,Aves
112,67,1,Sterna paradisaea,Sterna,Animalia,Chordata,Aves,Charadriiformes,Laridae,Aves
113,67,1,Sterna paradisaea,Sterna,Animalia,Chordata,Aves,Charadriiformes,Laridae,Aves
114,68,1,Corvus frugilegus,Corvus,Animalia,Chordata,Aves,Passeriformes,Corvidae,Aves
115,68,1,Corvus frugilegus,Corvus,Animalia,Chordata,Aves,Passeriformes,Corvidae,Aves
116,69,1,Corvus corone,Corvus,Animalia,Chordata,Aves,Passeriformes,Corvidae,Aves
117,69,1,Corvus corone,Corvus,Animalia,Chordata,Aves,Passeriformes,Corvidae,Aves
118,70,1,Sprattus sprattus,Sprattus,Animalia,Chordata,Teleostei,Clupeiformes,Clupeidae,Teleostei
119,71,1,Clupea harengus,Clupea,Animalia,Chordata,Teleostei,Clupeiformes,Clupeidae,Teleostei
120,72,1,Anguilla anguilla,Anguilla,Animalia,Chordata,Teleostei,Anguilliformes,Anguillidae,Teleostei
121,73,1,Syngnathus rostellatus,Syngnathus,Animalia,Chordata,Teleostei,Gasterosteiformes,Syngnathidae,Teleostei
122,74,1,Pollachius virens,Pollachius,Animalia,Chordata,Teleostei,Gadiformes,Gadidae,Teleostei
123,75,1,Ciliata mustela,Ciliata,Animalia,Chordata,Teleostei,Gadiformes,Gadidae,Teleostei
124,76,1,Ammodytes tobianus,Ammodytes,Animalia,Chordata,Teleostei,Perciformes,Ammodytidae,Teleostei
125,77,1,Pholis gunnellus,Pholis,Animalia,Chordata,Teleostei,Perciformes,Pholidae,Teleostei
126,78,1,Zoarces viviparus,Zoarces,Animalia,Chordata,Teleostei,Perciformes,Zoarcidae,Teleostei
127,79,1,Pomatoschistus minutus,Pomatoschistus,Animalia,Chordata,Teleostei,Perciformes,Gobiidae,Teleostei
128,79,1,Pomatoschistus minutus,Pomatoschistus,Animalia,Chordata,Teleostei,Perciformes,Gobiidae,Teleostei
129,80,1,Pomatoschistus microps,Pomatoschistus,Animalia,Chordata,Teleostei,Perciformes,Gobiidae,Teleostei
130,80,1,Pomatoschistus microps,Pomatoschistus,Animalia,Chordata,Teleostei,Perciformes,Gobiidae,Teleostei
131,81,1,Myxocephalus scorpius,Myxocephalus,Animalia,Chordata,Teleostei,NA,NA,Teleostei
132,82,1,Agonus cataphractus,Agonus,Animalia,Chordata,Teleostei,Scorpaeniformes,Agonidae,Teleostei
133,83,1,Gasterosteus aculeatus,Gasterosteus,Animalia,Chordata,Teleostei,Gasterosteiformes,Gasterosteidae,Teleostei
134,84,1,Pleuronectes platessa,Pleuronectes,Animalia,Chordata,Teleostei,Pleuronectiformes,Pleuronectidae,Teleostei
135,85,1,Platichthys flesus,Platichthys,Animalia,Chordata,Teleostei,Pleuronectiformes,Pleuronectidae,Teleostei
136,85,1,Platichthys flesus,Platichthys,Animalia,Chordata,Teleostei,Pleuronectiformes,Pleuronectidae,Teleostei
137,86,1,Platichthys flesus,Platichthys,Animalia,Chordata,Teleostei,Pleuronectiformes,Pleuronectidae,Teleostei
138,86,1,Platichthys flesus,Platichthys,Animalia,Chordata,Teleostei,Pleuronectiformes,Pleuronectidae,Teleostei
139,87,1,Salmo trutta,Salmo,Animalia,Chordata,Teleostei,Salmoniformes,Salmonidae,Teleostei
140,88,1,Crangon crangon,Crangon,Animalia,Arthropoda,Malacostraca,Decapoda,Crangonidae,Malacostraca
141,88,1,Crangon crangon,Crangon,Animalia,Arthropoda,Malacostraca,Decapoda,Crangonidae,Malacostraca
142,89,1,Crangon crangon,Crangon,Animalia,Arthropoda,Malacostraca,Decapoda,Crangonidae,Malacostraca
143,89,1,Crangon crangon,Crangon,Animalia,Arthropoda,Malacostraca,Decapoda,Crangonidae,Malacostraca
144,90,1,Nereis diversicolor,Nereis,Animalia,Annelida,Polychaeta,Phyllodocida,Nereididae,Polychaeta
145,90,1,Nereis diversicolor,Nereis,Animalia,Annelida,Polychaeta,Phyllodocida,Nereididae,Polychaeta
146,91,1,Nereis virens,Nereis,Animalia,Annelida,Polychaeta,Phyllodocida,Nereididae,Polychaeta
147,91,1,Nereis virens,Nereis,Animalia,Annelida,Polychaeta,Phyllodocida,Nereididae,Polychaeta
148,92,1,Phyllodoce mucosa,Phyllodoce,Plantae,NA,Magnoliopsida,Ericales,Ericaceae,Magnoliopsida
149,93,1,Eteone longa,Eteone,Animalia,Annelida,Polychaeta,Phyllodocida,Phyllodocidae,Polychaeta
150,94,1,Ostracods  ,Ostracods,Animalia,Arthropoda,NA,NA,NA,Arthropoda
151,95,1,Celanoid copepods ,Celanoid,Animalia,Arthropoda,NA,NA,NA,Arthropoda
152,96,1,Harpacticoid copepods ,Harpacticoid,Animalia,Arthropoda,NA,NA,NA,Arthropoda
153,97,1,Semibalanus balanoides,Semibalanus,Animalia,Arthropoda,Thecostraca,Sessilia,Archaeobalanidae,Thecostraca
154,98,1,Neomysis integer,Neomysis,Animalia,Arthropoda,Malacostraca,Mysida,Mysidae,Malacostraca
155,99,1,Hyale nilssoni,Hyale,Animalia,Arthropoda,Malacostraca,Amphipoda,Hyalidae,Malacostraca
156,101,1,Corophium volutator,Corophium,Animalia,Arthropoda,Malacostraca,Amphipoda,Corophiidae,Malacostraca
157,102,1,Bathyporeia pilosa,Bathyporeia,Animalia,Arthropoda,Malacostraca,Amphipoda,Pontoporeiidae,Malacostraca
158,103,1,Gammarus sp.,Gammarus,Animalia,Arthropoda,Malacostraca,Amphipoda,Gammaridae,Malacostraca
159,104,1,Idotea emarginata,Idotea,Animalia,Arthropoda,Malacostraca,Isopoda,Idoteidae,Malacostraca
160,105,1,Jaera albifrons,Jaera,Animalia,Arthropoda,Malacostraca,Isopoda,Janiridae,Malacostraca
161,106,1,Eurydice pulchra,Eurydice,Animalia,Arthropoda,Malacostraca,Isopoda,Cirolanidae,Malacostraca
162,107,1,Nototropis spp.,Nototropis,Animalia,Arthropoda,Malacostraca,Amphipoda,Dexaminidae,Malacostraca
163,108,1,Pygospio elegans,Pygospio,Animalia,Annelida,Polychaeta,Spionida,Spionidae,Polychaeta
164,109,1,Parathemisto sp.,Parathemisto,Animalia,Arthropoda,Malacostraca,Amphipoda,Hyperiidae,Malacostraca
165,110,1,Capitella capitata,Capitella,Animalia,Annelida,Polychaeta,NA,Capitellidae,Polychaeta
166,111,1,Manayunkia aestuarina,Manayunkia,Animalia,Annelida,Polychaeta,Sabellida,Fabriciidae,Polychaeta
167,112,1,Aricia sp.,Aricia,Animalia,Arthropoda,Insecta,NA,NA,Insecta
168,113,1,Arenicola  marina,Arenicola,Animalia,Annelida,Polychaeta,NA,Arenicolidae,Polychaeta
169,114,1,Tubificoides  benedini,Tubificoides,Animalia,Annelida,Clitellata,Tubificida,Naididae,Clitellata
170,115,1,Tubifex costatus,Tubifex,Animalia,Annelida,Clitellata,Tubificida,Naididae,Clitellata
171,116,1,Hydrobia  ulvae,Hydrobia,Animalia,Mollusca,Gastropoda,Littorinida,Hydrobiidae,Gastropoda
172,117,1,Littorina littorea,Littorina,Animalia,Mollusca,Gastropoda,Littorinida,Littorinidae,Gastropoda
173,117,1,Littorina littorea,Littorina,Animalia,Mollusca,Gastropoda,Littorinida,Littorinidae,Gastropoda
174,118,1,Littorina saxatilis,Littorina,Animalia,Mollusca,Gastropoda,Littorinida,Littorinidae,Gastropoda
175,118,1,Littorina saxatilis,Littorina,Animalia,Mollusca,Gastropoda,Littorinida,Littorinidae,Gastropoda
176,119,1,Alderia modestus,Alderia,Animalia,Mollusca,Gastropoda,NA,Limapontiidae,Gastropoda
177,120,1,Retusa obtusa,Retusa,Animalia,Mollusca,Gastropoda,Cephalaspidea,Retusidae,Gastropoda
178,121,1,Mya arenaria,Mya,Animalia,Mollusca,Bivalvia,Myida,Myidae,Bivalvia
179,122,1,Macoma balthica,Macoma,Animalia,Mollusca,Bivalvia,Sphaeriida,Tellinidae,Bivalvia
180,123,1,Mytilus edulis,Mytilus,Animalia,Mollusca,Bivalvia,Mytilida,Mytilidae,Bivalvia
181,124,1,Cerastoderma edule,Cerastoderma,Animalia,Mollusca,Bivalvia,Cardiida,Cardiidae,Bivalvia
182,125,1,nematodes  ,nematodes,Animalia,Nematoda,NA,NA,NA,Nematoda
183,126,1,Foraminifera ,Foraminifera,Protista,NA,NA,NA,NA,Protista
184,127,1,Chironomidae ,Chironomidae,Animalia,Arthropoda,Insecta,NA,NA,Insecta
185,128,1,Dipteran larvae  ,Dipteran,Animalia,Arthropoda,Insecta,NA,NA,Insecta
186,129,1,Acarina (mites & ticks) ,Acarina,Animalia,Arthropoda,Arachnida,NA,NA,Arachnida
187,130,1,Hesionidae ,Hesionidae,Animalia,Annelida,Polychaeta,NA,NA,Polychaeta
188,131,1,Phytoplankton ,Phytoplankton,Plantae,NA,NA,NA,NA,Plantae
189,132,1,brown algae  ,brown,Protista,NA,NA,NA,NA,Protista
190,133,1,Enteropmorpha ,Enteropmorpha,Plantae,NA,NA,NA,NA,Plantae
191,134,1,POM ,POM,POM,NA,NA,NA,NA,POM